trusted_per_class,pseudo_per_class,seed,feature_view,feature_dim,feature_source,n,prevalence,threshold,auroc,auprc,precision,recall,f1,false_positive_rate,true_positives,false_positives,true_negatives,false_negatives,validation_auroc,validation_auprc,mean_test_uncertainty,n_trusted,n_pseudo
4,0,11,all_input_signals,80,deterministic_smoke_fixture_not_mllm_evidence,16.0,0.5,0.5027044704736882,0.84375,0.8671130952380952,0.7777777777777778,0.875,0.823529411764706,0.25,7.0,2.0,6.0,1.0,0.65625,0.6781249999999999,0.37220965042901843,8,0
4,0,22,all_input_signals,80,deterministic_smoke_fixture_not_mllm_evidence,16.0,0.5,0.32726038871033164,0.859375,0.9138888888888889,0.7,0.875,0.7777777777777777,0.375,7.0,3.0,5.0,1.0,0.875,0.9029761904761906,0.3632714880631319,8,0
4,0,33,all_input_signals,80,deterministic_smoke_fixture_not_mllm_evidence,16.0,0.5,0.6222296742771745,0.859375,0.9089285714285714,0.8571428571428571,0.75,0.7999999999999999,0.125,6.0,1.0,7.0,2.0,0.8125,0.8622835497835498,0.30228345693983516,8,0
4,0,44,all_input_signals,80,deterministic_smoke_fixture_not_mllm_evidence,16.0,0.5,0.3896306848071284,0.921875,0.9206845238095238,0.8571428571428571,0.75,0.7999999999999999,0.125,6.0,1.0,7.0,2.0,0.71875,0.8298076923076922,0.2835863431358401,8,0
4,0,55,all_input_signals,80,deterministic_smoke_fixture_not_mllm_evidence,16.0,0.5,0.2779634928544604,0.859375,0.895021645021645,0.6666666666666666,0.75,0.7058823529411765,0.375,6.0,3.0,5.0,2.0,0.90625,0.9464285714285714,0.3995274291362514,8,0
4,4,11,all_input_signals,80,deterministic_smoke_fixture_not_mllm_evidence,16.0,0.5,0.9462358776727512,0.890625,0.9208333333333334,1.0,0.75,0.8571428571428571,0.0,6.0,0.0,8.0,2.0,0.859375,0.9089285714285714,0.39921420571990496,8,8
4,4,22,all_input_signals,80,deterministic_smoke_fixture_not_mllm_evidence,16.0,0.5,0.2102320559909534,0.90625,0.9464285714285714,0.7777777777777778,0.875,0.823529411764706,0.25,7.0,2.0,6.0,1.0,0.859375,0.8928952991452992,0.3492009840200936,8,8
4,4,33,all_input_signals,80,deterministic_smoke_fixture_not_mllm_evidence,16.0,0.5,0.23997951926818098,0.984375,0.9861111111111112,1.0,0.75,0.8571428571428571,0.0,6.0,0.0,8.0,2.0,0.9375,0.9502840909090909,0.3067106947597258,8,8
4,4,44,all_input_signals,80,deterministic_smoke_fixture_not_mllm_evidence,16.0,0.5,0.057871454245937155,0.953125,0.9526289682539684,0.875,0.875,0.875,0.125,7.0,1.0,7.0,1.0,0.78125,0.8791666666666667,0.37376484194279624,8,8
4,4,55,all_input_signals,80,deterministic_smoke_fixture_not_mllm_evidence,16.0,0.5,0.036739304540200066,0.828125,0.8819826007326008,0.6666666666666666,0.75,0.7058823529411765,0.375,6.0,3.0,5.0,2.0,0.890625,0.9308035714285714,0.40498371560346386,8,8
8,0,11,all_input_signals,80,deterministic_smoke_fixture_not_mllm_evidence,16.0,0.5,0.6071142137836425,0.890625,0.9308035714285714,0.875,0.875,0.875,0.125,7.0,1.0,7.0,1.0,0.875,0.9375,0.2610652288371388,16,0
8,0,22,all_input_signals,80,deterministic_smoke_fixture_not_mllm_evidence,16.0,0.5,0.9673466137591835,0.96875,0.9704861111111112,1.0,0.75,0.8571428571428571,0.0,6.0,0.0,8.0,2.0,0.828125,0.9,0.3460322333722886,16,0
8,0,33,all_input_signals,80,deterministic_smoke_fixture_not_mllm_evidence,16.0,0.5,0.9947463334726309,0.953125,0.959375,1.0,0.75,0.8571428571428571,0.0,6.0,0.0,8.0,2.0,0.875,0.9375,0.39328554712932073,16,0
8,0,44,all_input_signals,80,deterministic_smoke_fixture_not_mllm_evidence,16.0,0.5,0.24244229186226135,0.84375,0.900974025974026,0.8571428571428571,0.75,0.7999999999999999,0.125,6.0,1.0,7.0,2.0,0.78125,0.8661172161172161,0.14633833857954331,16,0
8,0,55,all_input_signals,80,deterministic_smoke_fixture_not_mllm_evidence,16.0,0.5,0.6241111304032938,0.953125,0.9526289682539684,0.8571428571428571,0.75,0.7999999999999999,0.125,6.0,1.0,7.0,2.0,0.890625,0.9416666666666667,0.3237787411382408,16,0
8,4,11,all_input_signals,80,deterministic_smoke_fixture_not_mllm_evidence,16.0,0.5,0.4524019860117734,0.890625,0.9308035714285714,0.875,0.875,0.875,0.125,7.0,1.0,7.0,1.0,0.859375,0.921875,0.31548202340096,16,8
8,4,22,all_input_signals,80,deterministic_smoke_fixture_not_mllm_evidence,16.0,0.5,0.9422165191609813,0.9375,0.9502840909090909,1.0,0.75,0.8571428571428571,0.0,6.0,0.0,8.0,2.0,0.84375,0.9041666666666667,0.3722321308349493,16,8
8,4,33,all_input_signals,80,deterministic_smoke_fixture_not_mllm_evidence,16.0,0.5,0.979895179853584,0.953125,0.959375,1.0,0.75,0.8571428571428571,0.0,6.0,0.0,8.0,2.0,0.875,0.9375,0.4059132783261848,16,8
8,4,44,all_input_signals,80,deterministic_smoke_fixture_not_mllm_evidence,16.0,0.5,0.18259219072124583,0.890625,0.9308035714285714,0.8571428571428571,0.75,0.7999999999999999,0.125,6.0,1.0,7.0,2.0,0.84375,0.900974025974026,0.1714107958443411,16,8
8,4,55,all_input_signals,80,deterministic_smoke_fixture_not_mllm_evidence,16.0,0.5,0.5320868112991105,0.9375,0.9472222222222222,0.8571428571428571,0.75,0.7999999999999999,0.125,6.0,1.0,7.0,2.0,0.890625,0.9416666666666667,0.2625821161033443,16,8
