sequence,panel,sample_id,label_id,expected_action,caller_text_sha256,image_sha256,cache_path,cache_sha256,image_head_score,image_head_block_threshold,image_head_review_threshold,image_head_action,text_head_score,text_head_block_threshold,text_head_review_threshold,text_head_action,combined_action,accepted
1,regression,TI-01093,1,block,68afdcad03f51c6a77a52045db6a29c8f8d557705ddb1953efe27f98af27a590,697a61dcac98a6b6b55aad06623de0d55c917f9230c7e57ceee90806e1c65d95,f5c4443d78c5db6e6ad1e3aa16f00a3eeceb04ab2f7ff9ac215a3e839afa1181/cache/regression/TI-01093.npz,2495e8ffd397f5bcfa3f1d5b2b4b8a97bff5e3e9616f9710e14f33fe0af760af,0.9999984278011913,0.1690249723273814,0.1490249723273814,block,0.19072065200561703,0.9975257227486033,0.9775257227486033,allow,block,True
2,regression,TI-03333,1,block,6371b20b2d0fc124ba88bf43aef4ddfad8ede6d7f511ac4d64fe15af947e4a40,bf64260631505737f8719b2df99e1f320bddf69c078dcaf2e77ddfc7b0b7a064,f5c4443d78c5db6e6ad1e3aa16f00a3eeceb04ab2f7ff9ac215a3e839afa1181/cache/regression/TI-03333.npz,f8f269f7f8e086d0f9249ee193bcfa07270edad73b6aa1e23e206f7794043759,0.9998037843086328,0.1690249723273814,0.1490249723273814,block,0.4184795386587725,0.9975257227486033,0.9775257227486033,allow,block,True
3,regression,TI-06133,1,block,6371b20b2d0fc124ba88bf43aef4ddfad8ede6d7f511ac4d64fe15af947e4a40,0dd6ac373b6199cc083bb4b6d541c2f8be54ec1d6b2b84ca406686c191433795,f5c4443d78c5db6e6ad1e3aa16f00a3eeceb04ab2f7ff9ac215a3e839afa1181/cache/regression/TI-06133.npz,4020113670394b9c4636fc931eb4f8e73b3ef8fe805f40ce2330f41ce6a116a4,0.9946861634283386,0.1690249723273814,0.1490249723273814,block,0.048326346394385856,0.9975257227486033,0.9775257227486033,allow,block,True
4,regression,TI-00533,1,block,6371b20b2d0fc124ba88bf43aef4ddfad8ede6d7f511ac4d64fe15af947e4a40,9dd2f4a5d69c210f1fac0ea3e7c008925dfcaebdef8009797c92c045203057d8,f5c4443d78c5db6e6ad1e3aa16f00a3eeceb04ab2f7ff9ac215a3e839afa1181/cache/regression/TI-00533.npz,48b098b30157cf4f6a18f45d59738c30b1c7704b963e6495449b2f766dd41fcf,0.9997161368130592,0.1690249723273814,0.1490249723273814,block,0.07278641009533067,0.9975257227486033,0.9775257227486033,allow,block,True
5,regression,TI-01653,1,block,1c06a1ce82a30036ccd6440f053b1cfb2dd9c4915071a234724f80b2d8919100,c92b5afa7fb5e2b02fb3503e0277a35f3c23f6b5f8ecb892600df5b91607730c,f5c4443d78c5db6e6ad1e3aa16f00a3eeceb04ab2f7ff9ac215a3e839afa1181/cache/regression/TI-01653.npz,6c0539d519a92a83956b0724ffe73edce0f5e15cc60ac5082840473c426cf469,0.9999165254466679,0.1690249723273814,0.1490249723273814,block,0.7650397680303066,0.9975257227486033,0.9775257227486033,allow,block,True
6,regression,TI-02213,1,block,c026171b2bf4cea4fc084aa7b6e111b86bfdc2a99ebf852b5972b20c8e0ba205,f8e6c36ef295a46984499d40b73247cbb534cb8ac186bad0b47608ae4b1814fb,f5c4443d78c5db6e6ad1e3aa16f00a3eeceb04ab2f7ff9ac215a3e839afa1181/cache/regression/TI-02213.npz,7c0096568b8bac4d988fea8e8a1676cf822dfc585774c7e1f94700dcc1a2c0ca,0.9993325009151084,0.1690249723273814,0.1490249723273814,block,0.34285563116311996,0.9975257227486033,0.9775257227486033,allow,block,True
7,regression,TI-02773,1,block,9f3d00790739eab590f12752f9a617d2408202fe0239fcb94e885a765aab2063,9acddc891653744d687c33f36cbb193a9e8b5953926b2e2f9763c225aae96311,f5c4443d78c5db6e6ad1e3aa16f00a3eeceb04ab2f7ff9ac215a3e839afa1181/cache/regression/TI-02773.npz,0f91117b00bb6e4aa37f6cf35edb2244bca7a31441f141ee57f3c31dbe8368fb,0.9920144191700598,0.1690249723273814,0.1490249723273814,block,0.03381154988229923,0.9975257227486033,0.9775257227486033,allow,block,True
8,regression,TI-03893,1,block,68afdcad03f51c6a77a52045db6a29c8f8d557705ddb1953efe27f98af27a590,017cedcdda23c94a5eeb390bf4e32ca5c3431c351c65b6bf934f139318271141,f5c4443d78c5db6e6ad1e3aa16f00a3eeceb04ab2f7ff9ac215a3e839afa1181/cache/regression/TI-03893.npz,f3f549204b2de17bf05ef2af6561c2121537e8d868a079bbfe6582ea75a90a04,0.17540093423639247,0.1690249723273814,0.1490249723273814,block,0.11848153150446501,0.9975257227486033,0.9775257227486033,allow,block,True
9,regression,TI-04453,1,block,1c06a1ce82a30036ccd6440f053b1cfb2dd9c4915071a234724f80b2d8919100,c2e56779903848cb852b7da4ff4a8283778e5ceb0f424ebdceb3b0a67850931e,f5c4443d78c5db6e6ad1e3aa16f00a3eeceb04ab2f7ff9ac215a3e839afa1181/cache/regression/TI-04453.npz,1122cb8414affcfff1872ba36958e56c19c426f3d08e9c9250c2c915f11844b3,0.999124612098459,0.1690249723273814,0.1490249723273814,block,0.6613447032244522,0.9975257227486033,0.9775257227486033,allow,block,True
10,regression,TI-05013,1,block,c026171b2bf4cea4fc084aa7b6e111b86bfdc2a99ebf852b5972b20c8e0ba205,b5eb04104a6c1ca86cbaf7efda3ce36104c490a4086f4c1c9a4117ef62cd389f,f5c4443d78c5db6e6ad1e3aa16f00a3eeceb04ab2f7ff9ac215a3e839afa1181/cache/regression/TI-05013.npz,c0a7d747930d1382e34a8a5ace73d777b8198d5c0772f59516477cc7ea336989,0.9337098670677395,0.1690249723273814,0.1490249723273814,block,0.03763464198974576,0.9975257227486033,0.9775257227486033,allow,block,True
11,regression,BTI-00930,0,allow,bce5559f4d719789cc5472e36c38dbda6951ccf108930fe51cfa4364f53a9979,dc28ac26f8b45b0b69f526a3ad498c6a3b80f8c81b88c952069a6bd4a1c0410a,f5c4443d78c5db6e6ad1e3aa16f00a3eeceb04ab2f7ff9ac215a3e839afa1181/cache/regression/BTI-00930.npz,fe4f0882cd00147bba9e16f35d578547c824492ee1a1293cdb45fabc1bfeeadd,0.01153863944752418,0.1690249723273814,0.1490249723273814,allow,0.1953444030366969,0.9975257227486033,0.9775257227486033,allow,allow,True
12,regression,BTI-01460,0,allow,c026171b2bf4cea4fc084aa7b6e111b86bfdc2a99ebf852b5972b20c8e0ba205,2ddfc6b51c2c6e7843a3fe5912b5b462d7ce039f3fd4de8a984b9ab9de363237,f5c4443d78c5db6e6ad1e3aa16f00a3eeceb04ab2f7ff9ac215a3e839afa1181/cache/regression/BTI-01460.npz,e558a6b924eb198bcdb2c67e2023b1640963e9203547b1792f80f277575e35a2,0.8246353032240132,0.1690249723273814,0.1490249723273814,block,0.01363476116425932,0.9975257227486033,0.9775257227486033,allow,block,False
13,regression,BTI-02861,0,allow,aef8ccd83c4acf2cee5830565f71afa979e5d91e622e2cdf7a9bd8a65e360bc3,8f57c100d043f381466f69f85b08fb8b052c81898b44b8234c53b9af32ab5a10,f5c4443d78c5db6e6ad1e3aa16f00a3eeceb04ab2f7ff9ac215a3e839afa1181/cache/regression/BTI-02861.npz,f99219ee0b80ffa7883dcbaad1859c3ee92b4ca6ebdc7a5f51dc36aeadf96b64,0.006553679666502229,0.1690249723273814,0.1490249723273814,allow,0.08023080113091591,0.9975257227486033,0.9775257227486033,allow,allow,True
14,regression,BTI-05697,0,allow,6371b20b2d0fc124ba88bf43aef4ddfad8ede6d7f511ac4d64fe15af947e4a40,be3751ee12a11c318416affb0a66060f1dfa9c56844829d5f4a4d03c93343cc0,f5c4443d78c5db6e6ad1e3aa16f00a3eeceb04ab2f7ff9ac215a3e839afa1181/cache/regression/BTI-05697.npz,2e422159e256bfc073002594e09aed6c5a3c0aae24e867c1af1c6edb2bfc400d,0.0005465851314336446,0.1690249723273814,0.1490249723273814,allow,0.02704724835721255,0.9975257227486033,0.9775257227486033,allow,allow,True
15,regression,BTI-06083,0,allow,7909a55511496478cd64d747cc4f56b48b775c29add11eb47ef5f6fc1e62193e,0f7f59974dc3013acf50c0ada7645986ae1bc9d31a989b5457f97c0eeebac4bf,f5c4443d78c5db6e6ad1e3aa16f00a3eeceb04ab2f7ff9ac215a3e839afa1181/cache/regression/BTI-06083.npz,fd7b6229c809f4978b745582962f8a8654f1b046de8485301364ca44ba7cfad6,0.8769288740515156,0.1690249723273814,0.1490249723273814,block,0.25553924618551904,0.9975257227486033,0.9775257227486033,allow,block,False
16,regression,BTI-05087,0,allow,6371b20b2d0fc124ba88bf43aef4ddfad8ede6d7f511ac4d64fe15af947e4a40,95da04f87527e3748b8a8580af501c8565455e4bf2f117fde57ddef1ff7d5414,f5c4443d78c5db6e6ad1e3aa16f00a3eeceb04ab2f7ff9ac215a3e839afa1181/cache/regression/BTI-05087.npz,07ce477ebb2e878de17141b6e30f3181e867f0faaefbe75642fff8071ab44e60,1.3288399175699064e-05,0.1690249723273814,0.1490249723273814,allow,0.02971468018550663,0.9975257227486033,0.9775257227486033,allow,allow,True
17,regression,BTI-01896,0,allow,a6736bd1e06b88ad3dffd5256347c7fb7a98561e262369cc2b38f608264c8f47,550ea745f812134f5f98e1098305a02ec467d5b8cbc3d03af94ec36f6dced127,f5c4443d78c5db6e6ad1e3aa16f00a3eeceb04ab2f7ff9ac215a3e839afa1181/cache/regression/BTI-01896.npz,69c4b1c108a30139ab752fc85664578093c8992b66cf94f71c67eb30285413b1,0.00025116414282916593,0.1690249723273814,0.1490249723273814,allow,0.07191111072938508,0.9975257227486033,0.9775257227486033,allow,allow,True
18,regression,BTI-04521,0,allow,1ff7060a8c663877f788f69b691ef5afab01a8b9f9217a823efb94c55d0686f0,cdc0d758490e1e98f265b6285eafc9739ec282e83344683c6da442aedc8490ad,f5c4443d78c5db6e6ad1e3aa16f00a3eeceb04ab2f7ff9ac215a3e839afa1181/cache/regression/BTI-04521.npz,a2374cb5dc969b3566974d94e3351351d22b4ac4cd25a8912f105ece93aac8e6,0.00013406515083765142,0.1690249723273814,0.1490249723273814,allow,0.0687285658625439,0.9975257227486033,0.9775257227486033,allow,allow,True
19,regression,BTI-05202,0,allow,7909a55511496478cd64d747cc4f56b48b775c29add11eb47ef5f6fc1e62193e,49dbec413346dc6f4b2a5edaf1910a06d5f3098d5ce515522623285593faafe1,f5c4443d78c5db6e6ad1e3aa16f00a3eeceb04ab2f7ff9ac215a3e839afa1181/cache/regression/BTI-05202.npz,377eedfa992603cac9c77997852f91bd581691f962692212830dc43a15dead58,0.005185868629258855,0.1690249723273814,0.1490249723273814,allow,0.08907229988410316,0.9975257227486033,0.9775257227486033,allow,allow,True
20,regression,BTI-05112,0,allow,c026171b2bf4cea4fc084aa7b6e111b86bfdc2a99ebf852b5972b20c8e0ba205,965727bd9abe24eb4dcd8e4d9bfb4db1d2d79405c178c3a60abf9f4081eebbdb,f5c4443d78c5db6e6ad1e3aa16f00a3eeceb04ab2f7ff9ac215a3e839afa1181/cache/regression/BTI-05112.npz,68a2a77a2c22069db062a9758b1a05c6eb2fbffe32f5aa2642589c4c72d737db,7.917251335606796e-07,0.1690249723273814,0.1490249723273814,allow,0.09249423672293883,0.9975257227486033,0.9775257227486033,allow,allow,True
21,text_led,MTI-01096,1,block,925d73d952dd06319c1329430cb3b520a561f68d7409ad67faf07dc6f4614d1d,dc28ac26f8b45b0b69f526a3ad498c6a3b80f8c81b88c952069a6bd4a1c0410a,f5c4443d78c5db6e6ad1e3aa16f00a3eeceb04ab2f7ff9ac215a3e839afa1181/cache/text_led/MTI-01096.npz,133e0705bd78d191f8560754ef9a2d22ecb7992f5d9db4404d8a1968eb963d57,0.01153863944752418,0.1690249723273814,0.1490249723273814,allow,0.9999999999793046,0.9975257227486033,0.9775257227486033,block,block,True
22,text_led,MTI-03336,1,block,925d73d952dd06319c1329430cb3b520a561f68d7409ad67faf07dc6f4614d1d,2ddfc6b51c2c6e7843a3fe5912b5b462d7ce039f3fd4de8a984b9ab9de363237,f5c4443d78c5db6e6ad1e3aa16f00a3eeceb04ab2f7ff9ac215a3e839afa1181/cache/text_led/MTI-03336.npz,c1f44561f7daf5243baba237d308e4b74e08bbb9aa1fac9abf0a96f7abcb8b22,0.8246353032240132,0.1690249723273814,0.1490249723273814,block,0.9999999999423927,0.9975257227486033,0.9775257227486033,block,block,True
23,text_led,MTI-06135,1,block,1faa9ce6ec398fa17edf3d0ec9dd960deb7288b5141f6fd99f039059ef85f9d3,8f57c100d043f381466f69f85b08fb8b052c81898b44b8234c53b9af32ab5a10,f5c4443d78c5db6e6ad1e3aa16f00a3eeceb04ab2f7ff9ac215a3e839afa1181/cache/text_led/MTI-06135.npz,1bcca0b901677345010c5e304a57972abe0afd1f86da0781d0005814363d4beb,0.006553679666502229,0.1690249723273814,0.1490249723273814,allow,0.9999999421896224,0.9975257227486033,0.9775257227486033,block,block,True
24,text_led,MTI-00535,1,block,1faa9ce6ec398fa17edf3d0ec9dd960deb7288b5141f6fd99f039059ef85f9d3,be3751ee12a11c318416affb0a66060f1dfa9c56844829d5f4a4d03c93343cc0,f5c4443d78c5db6e6ad1e3aa16f00a3eeceb04ab2f7ff9ac215a3e839afa1181/cache/text_led/MTI-00535.npz,86438a6790f68a9427615218d9972ec015d0724c1a1edfbc95160f748fd617b7,0.0005465851314336446,0.1690249723273814,0.1490249723273814,allow,0.9999999612566339,0.9975257227486033,0.9775257227486033,block,block,True
25,text_led,MTI-01656,1,block,925d73d952dd06319c1329430cb3b520a561f68d7409ad67faf07dc6f4614d1d,0f7f59974dc3013acf50c0ada7645986ae1bc9d31a989b5457f97c0eeebac4bf,f5c4443d78c5db6e6ad1e3aa16f00a3eeceb04ab2f7ff9ac215a3e839afa1181/cache/text_led/MTI-01656.npz,cb8d288a11c924cae41919ebfbeb93dbf0ec91a676b1c0ed046b43853ebf5cf9,0.8769288740515156,0.1690249723273814,0.1490249723273814,block,0.9999999999835232,0.9975257227486033,0.9775257227486033,block,block,True
26,text_led,MTI-02216,1,block,925d73d952dd06319c1329430cb3b520a561f68d7409ad67faf07dc6f4614d1d,95da04f87527e3748b8a8580af501c8565455e4bf2f117fde57ddef1ff7d5414,f5c4443d78c5db6e6ad1e3aa16f00a3eeceb04ab2f7ff9ac215a3e839afa1181/cache/text_led/MTI-02216.npz,f25ef62dd9743217e081a55d33d610b6a1ef90c5e34c12a142023e1ff7b27b76,1.3288399175699064e-05,0.1690249723273814,0.1490249723273814,allow,0.9999999999822127,0.9975257227486033,0.9775257227486033,block,block,True
27,text_led,MTI-02776,1,block,925d73d952dd06319c1329430cb3b520a561f68d7409ad67faf07dc6f4614d1d,550ea745f812134f5f98e1098305a02ec467d5b8cbc3d03af94ec36f6dced127,f5c4443d78c5db6e6ad1e3aa16f00a3eeceb04ab2f7ff9ac215a3e839afa1181/cache/text_led/MTI-02776.npz,08352523703b0044d546671bb8857fd3c4d15a48db93ab595f9da0ffab281346,0.00025116414282916593,0.1690249723273814,0.1490249723273814,allow,0.9999999999736584,0.9975257227486033,0.9775257227486033,block,block,True
28,text_led,MTI-03895,1,block,1faa9ce6ec398fa17edf3d0ec9dd960deb7288b5141f6fd99f039059ef85f9d3,cdc0d758490e1e98f265b6285eafc9739ec282e83344683c6da442aedc8490ad,f5c4443d78c5db6e6ad1e3aa16f00a3eeceb04ab2f7ff9ac215a3e839afa1181/cache/text_led/MTI-03895.npz,9a78a28998bf7e2c27e1f386cbd02ed34832bd2fac1be3809743baffc691899d,0.00013406515083765142,0.1690249723273814,0.1490249723273814,allow,0.9999999680998116,0.9975257227486033,0.9775257227486033,block,block,True
29,text_led,MTI-04455,1,block,1faa9ce6ec398fa17edf3d0ec9dd960deb7288b5141f6fd99f039059ef85f9d3,49dbec413346dc6f4b2a5edaf1910a06d5f3098d5ce515522623285593faafe1,f5c4443d78c5db6e6ad1e3aa16f00a3eeceb04ab2f7ff9ac215a3e839afa1181/cache/text_led/MTI-04455.npz,2f5940172e31e4c2f0d82c862750c748741079e4e51d138f1dbeb10e3e505c5e,0.005185868629258855,0.1690249723273814,0.1490249723273814,allow,0.9999999808847845,0.9975257227486033,0.9775257227486033,block,block,True
30,text_led,MTI-05016,1,block,925d73d952dd06319c1329430cb3b520a561f68d7409ad67faf07dc6f4614d1d,965727bd9abe24eb4dcd8e4d9bfb4db1d2d79405c178c3a60abf9f4081eebbdb,f5c4443d78c5db6e6ad1e3aa16f00a3eeceb04ab2f7ff9ac215a3e839afa1181/cache/text_led/MTI-05016.npz,7be8e4b4a95b56a5ad3dc6fed244e000312bea5b98d9caca4186b1aae682653c,7.917251335606796e-07,0.1690249723273814,0.1490249723273814,allow,0.9999999999390092,0.9975257227486033,0.9775257227486033,block,block,True
31,external_benign,BTI-03114,0,allow,9f3d00790739eab590f12752f9a617d2408202fe0239fcb94e885a765aab2063,d7e5ae12f8e983e30710a15b8154fe0e2530f891a5feeadcc280029b46e05f91,f5c4443d78c5db6e6ad1e3aa16f00a3eeceb04ab2f7ff9ac215a3e839afa1181/cache/external_benign/BTI-03114.npz,3ff598464772db8f06e8d979857f860322ceb72cf6142934f2c3a44dd225e453,0.0022509662694609744,0.1690249723273814,0.1490249723273814,allow,0.055011650472267914,0.9975257227486033,0.9775257227486033,allow,allow,True
32,external_benign,BTI-05032,0,allow,7909a55511496478cd64d747cc4f56b48b775c29add11eb47ef5f6fc1e62193e,5e7a55fc569058fa525ad0abcf6bc1304fa3e1c15db021597a0d2ba55a99f7c5,f5c4443d78c5db6e6ad1e3aa16f00a3eeceb04ab2f7ff9ac215a3e839afa1181/cache/external_benign/BTI-05032.npz,aecb97a22a84e9df6bf0a7b503776989d7c63d26856646259df02df1c3b638e5,0.00238526795435879,0.1690249723273814,0.1490249723273814,allow,0.09131863441714154,0.9975257227486033,0.9775257227486033,allow,allow,True
33,external_benign,BTI-03782,0,allow,9f3d00790739eab590f12752f9a617d2408202fe0239fcb94e885a765aab2063,4d9cee3e713985918a0ccde991efee4c70d4ea95332271b30a98d4055654a79e,f5c4443d78c5db6e6ad1e3aa16f00a3eeceb04ab2f7ff9ac215a3e839afa1181/cache/external_benign/BTI-03782.npz,9355ec86a74253cf3c444469409e262ae961e47c04b82ac472c8c8e509a42ef3,4.9694682894955335e-05,0.1690249723273814,0.1490249723273814,allow,0.026863043649367865,0.9975257227486033,0.9775257227486033,allow,allow,True
34,external_benign,BTI-05745,0,allow,d59aeba9a0275e046a451d595aa026af99e9e0890d41c67401b0726012bb4db9,8f3cc5de4f335d856ba6fcdf3ac066db94d630057dd90506c643f57de348dfc3,f5c4443d78c5db6e6ad1e3aa16f00a3eeceb04ab2f7ff9ac215a3e839afa1181/cache/external_benign/BTI-05745.npz,069fa02b5918f922df3200117141489804953f359313303244a51f0a7db153f7,0.0007673898901120092,0.1690249723273814,0.1490249723273814,allow,0.06487600064190525,0.9975257227486033,0.9775257227486033,allow,allow,True
35,external_benign,BTI-05472,0,allow,f48906615f76daf26758e9d29941fd7a4871cfc5b24e0581cee0131850dba521,68eb9ef3d5e72668c4b2670044b171977763a0f21a69ed3312233f5b1ce8b7fa,f5c4443d78c5db6e6ad1e3aa16f00a3eeceb04ab2f7ff9ac215a3e839afa1181/cache/external_benign/BTI-05472.npz,3fac0a4dbf28d9a6bc6bda7129866f089967c3a7b91bcf19467c76b704f26b38,4.9192402069790886e-06,0.1690249723273814,0.1490249723273814,allow,0.01806200555680171,0.9975257227486033,0.9775257227486033,allow,allow,True
36,external_benign,BTI-03542,0,allow,a0cc55b90fad88acf8a0e41f58f92496749ce8cafd45e023496ed412cfcfc066,e17a6210f2223f297b231e18e7e22af2abf8531118fe31637519ab14e06153d6,f5c4443d78c5db6e6ad1e3aa16f00a3eeceb04ab2f7ff9ac215a3e839afa1181/cache/external_benign/BTI-03542.npz,bbbccbb8de08c12ee086225f00a55125953b48cba66ed09cf4ad295a58e9e52b,0.00013503268487241956,0.1690249723273814,0.1490249723273814,allow,0.02343685369403232,0.9975257227486033,0.9775257227486033,allow,allow,True
37,external_benign,BTI-06440,0,allow,9f3d00790739eab590f12752f9a617d2408202fe0239fcb94e885a765aab2063,472f3f9593ad061c87857000a73a9e2ff373021a819cfa5464b64e03e7d44aae,f5c4443d78c5db6e6ad1e3aa16f00a3eeceb04ab2f7ff9ac215a3e839afa1181/cache/external_benign/BTI-06440.npz,5af62abf1407d3cf6903f87c72311d1917e07686f384fc9001ef1676005f667f,0.3733416598966124,0.1690249723273814,0.1490249723273814,block,0.05883160130412611,0.9975257227486033,0.9775257227486033,allow,block,False
38,external_benign,BTI-04994,0,allow,24a22fab508cc9bd2b2cd792b622d0daac70b5b2684e337d49422fe9c66cb197,0e36a75de9ae2799cf2be508a09710db177966568b2197309e38b29f40cfd9c8,f5c4443d78c5db6e6ad1e3aa16f00a3eeceb04ab2f7ff9ac215a3e839afa1181/cache/external_benign/BTI-04994.npz,fdfe6c066085831d7c7472e055178310a448993ed853b810ed19f54c99d6a9c0,0.0011973505084377336,0.1690249723273814,0.1490249723273814,allow,0.09568442897250413,0.9975257227486033,0.9775257227486033,allow,allow,True
39,external_benign,BTI-03541,0,allow,aef8ccd83c4acf2cee5830565f71afa979e5d91e622e2cdf7a9bd8a65e360bc3,4a055f289c7e8654e8b619927f25be8a0c48dd82160599f85ab43781891b3c04,f5c4443d78c5db6e6ad1e3aa16f00a3eeceb04ab2f7ff9ac215a3e839afa1181/cache/external_benign/BTI-03541.npz,2db5e67254e6c5a2cc2ac1af2060d1423124fd2cfc501b9a0964bf876dd561ce,3.762021143251878e-05,0.1690249723273814,0.1490249723273814,allow,0.002526801610672237,0.9975257227486033,0.9775257227486033,allow,allow,True
40,external_benign,BTI-02067,0,allow,1c06a1ce82a30036ccd6440f053b1cfb2dd9c4915071a234724f80b2d8919100,e953fc2eed2c7e30c91e4aa634bc5aadb78bb61a87410163979239b715d447df,f5c4443d78c5db6e6ad1e3aa16f00a3eeceb04ab2f7ff9ac215a3e839afa1181/cache/external_benign/BTI-02067.npz,6e662820e75c6abef565dec402f8a89dc9ac03857ed75f392fa66b28f21d28b8,0.41409219692276544,0.1690249723273814,0.1490249723273814,block,0.04910315550934467,0.9975257227486033,0.9775257227486033,allow,block,False
41,external_benign,BTI-03823,0,allow,55af212e6b133db3a676ab2b4ad5274e3dab94970321063ed849d85281ed6b3c,42a72ca45939cbccc6bedd7426a9c25cc92f53ddb1ef64fd93bd9bb42ec2be74,f5c4443d78c5db6e6ad1e3aa16f00a3eeceb04ab2f7ff9ac215a3e839afa1181/cache/external_benign/BTI-03823.npz,4f2db9a2df5fc88626ce6ac0107f6b38a136cd581dd85176042730069f6b22b1,0.0037263173784065377,0.1690249723273814,0.1490249723273814,allow,0.21770289077940017,0.9975257227486033,0.9775257227486033,allow,allow,True
42,external_benign,BTI-00012,0,allow,285a8d4a6fe17589b8b72541502d2f2f0c4591ab72645875e050b6c3eee6c415,da91ac8316a2b13d82b1fc14091921ab000e84b5a13a03b1ccd5ee5dff802e6a,f5c4443d78c5db6e6ad1e3aa16f00a3eeceb04ab2f7ff9ac215a3e839afa1181/cache/external_benign/BTI-00012.npz,2708bf1e1c44a6021db8a0771c7b9fbe386c89d17254cce72235de1a9f531722,0.14601113116044767,0.1690249723273814,0.1490249723273814,allow,0.019705407027093693,0.9975257227486033,0.9775257227486033,allow,allow,True
43,external_benign,BTI-02784,0,allow,a4d8d185621dd3ddb019404ccef6c75e04ba4a4c8573722a8d1d79bc9c8770d0,262cd2f30eeb889bb41083bceb3df371b72b707d0c2812698ac4947cf3cbae59,f5c4443d78c5db6e6ad1e3aa16f00a3eeceb04ab2f7ff9ac215a3e839afa1181/cache/external_benign/BTI-02784.npz,d80e1f0358e7913f9074f09559efd52c5ace7566e149ca1c1a30a376c2f2979e,0.0010122701778095776,0.1690249723273814,0.1490249723273814,allow,0.08215767773337443,0.9975257227486033,0.9775257227486033,allow,allow,True
44,external_benign,BTI-03910,0,allow,d59aeba9a0275e046a451d595aa026af99e9e0890d41c67401b0726012bb4db9,40c14ea88973382d2011fb6b808918263cab337cb0fbe47187ccdea65ce80ad1,f5c4443d78c5db6e6ad1e3aa16f00a3eeceb04ab2f7ff9ac215a3e839afa1181/cache/external_benign/BTI-03910.npz,3d2f0215bd528d45bfbd3351324fafa7cc38e83eef8ba6480822122a8a21529c,0.004593615447513619,0.1690249723273814,0.1490249723273814,allow,0.00968212274366385,0.9975257227486033,0.9775257227486033,allow,allow,True
45,external_benign,BTI-04766,0,allow,d59aeba9a0275e046a451d595aa026af99e9e0890d41c67401b0726012bb4db9,3ed1039de79106eb3fd0d4eae714ab053c73407b88c3fe0f0a8ba2d8eafb0d33,f5c4443d78c5db6e6ad1e3aa16f00a3eeceb04ab2f7ff9ac215a3e839afa1181/cache/external_benign/BTI-04766.npz,46cec5a5b9c1dfae4681911fa6ce1b083cb96dfa9a33f13bea7d6943f2c9f9cf,0.0017982261953707367,0.1690249723273814,0.1490249723273814,allow,0.06627481201731514,0.9975257227486033,0.9775257227486033,allow,allow,True
46,external_benign,BTI-06024,0,allow,c026171b2bf4cea4fc084aa7b6e111b86bfdc2a99ebf852b5972b20c8e0ba205,dbaafc93ed8d320a4d5bd238cdff66481a0d3c3ec130f1f862cb79cbfdc07dac,f5c4443d78c5db6e6ad1e3aa16f00a3eeceb04ab2f7ff9ac215a3e839afa1181/cache/external_benign/BTI-06024.npz,4bff674352ec18de707925c6e7110026c170ce08ff63251df4b08f241f97b0e8,7.211733912722196e-05,0.1690249723273814,0.1490249723273814,allow,0.10004566808959241,0.9975257227486033,0.9775257227486033,allow,allow,True
47,external_benign,BTI-04340,0,allow,6371b20b2d0fc124ba88bf43aef4ddfad8ede6d7f511ac4d64fe15af947e4a40,0f8d257a3cba3c75bb3a41432a353b2573c3001debf372ea64c0c3969e1bd7b9,f5c4443d78c5db6e6ad1e3aa16f00a3eeceb04ab2f7ff9ac215a3e839afa1181/cache/external_benign/BTI-04340.npz,5b2418ec1a70685ef54d90496ad6969bd2a35976f9fd7df68462a3ab37d1b8f6,0.00016211318316893228,0.1690249723273814,0.1490249723273814,allow,0.06670160002277066,0.9975257227486033,0.9775257227486033,allow,allow,True
48,external_benign,BTI-01913,0,allow,9b51e8ff27586dac6ddab1d7af5086241aaa2268e0bda1ea609dda3a75401af3,8bd94b7be6d763330cdc32539f8e1e2f8b03185db38d3c9610d7e78f75eb63e7,f5c4443d78c5db6e6ad1e3aa16f00a3eeceb04ab2f7ff9ac215a3e839afa1181/cache/external_benign/BTI-01913.npz,972b98749f26721e1cfccd58482df064b8ebf80e8aae7c06ead1eed0d252c37a,0.031084016837517527,0.1690249723273814,0.1490249723273814,allow,0.04489875237851277,0.9975257227486033,0.9775257227486033,allow,allow,True
49,external_benign,BTI-00764,0,allow,285a8d4a6fe17589b8b72541502d2f2f0c4591ab72645875e050b6c3eee6c415,aa8a639c4dc359557db25d7005332fabc933ddcf97e039d610cbbaebd89b1c83,f5c4443d78c5db6e6ad1e3aa16f00a3eeceb04ab2f7ff9ac215a3e839afa1181/cache/external_benign/BTI-00764.npz,ab556a4c750866bc941ec4dded07d90c257182abb44a7dac806d3ed568998cb0,0.00013964181508397902,0.1690249723273814,0.1490249723273814,allow,0.038281820301673763,0.9975257227486033,0.9775257227486033,allow,allow,True
50,external_benign,BTI-04308,0,allow,68afdcad03f51c6a77a52045db6a29c8f8d557705ddb1953efe27f98af27a590,d3881ac259e5e46797e7ef8a6bfed1739e04034e5ffc656d63f9c242bf151835,f5c4443d78c5db6e6ad1e3aa16f00a3eeceb04ab2f7ff9ac215a3e839afa1181/cache/external_benign/BTI-04308.npz,92883ed54d49d8517d3a84af33467160cf44d8401dfd98b10ff41fda0060d5f6,0.0007363404468162454,0.1690249723273814,0.1490249723273814,allow,0.014705477163030502,0.9975257227486033,0.9775257227486033,allow,allow,True
